"","DOI","Ecosystem","Taxonomic","TaxonomicGroup","GlobalChange","GlobalChangeCat","Predictive","TOS","TT","filter","distrubance tolerance","energy density","feeding mode","horizontal habitat","host characteristics","human disturbance","integument","larval/juvenile stage length","lipid","liver-free body","mortality","nitrogen","parasite traits","pollution tolerance","predation","pulp traits","rostrum","senescence","storage","stream size"
"3","10.1002/eap.1434","Terrestrial","Birds","Vertebrate","Climate Change","yes",1,"Observational","Behavioural","Abiotic",0,0,0,0,0,0,0,1,0,0,0,0,0,0,0,0,0,0,0,0
"6","10.1002/eap.1554/full","Freshwater","Multiple","Multiple","0","no",0,"Observational","Morphological","Abiotic",0,0,0,0,0,0,0,0,0,0,0,0,0,0,0,0,0,0,0,1
"7","10.1002/eap.1621","Freshwater","Multiple","Multiple","Global Change Broad","yes",0,"Observational","Physiological","Abiotic",0,0,1,0,0,0,0,0,0,0,0,0,0,1,0,0,0,0,0,0
"10","10.1002/ece3.1286","Terrestrial","Plants","Plants","Invasion","yes",0,"Experiment","Morphological","Biotic",0,1,0,0,0,0,0,0,0,0,0,1,0,0,0,0,0,0,0,0
"12","10.1002/ece3.2081","Freshwater","Insects","Invertebrate","0","no",0,"Observational","Behavioural","Biotic",0,0,0,0,0,0,0,0,0,0,0,0,0,1,0,0,0,0,0,0
"14","10.1002/ece3.2606","Terrestrial","Insects","Invertebrate","0","no",0,"Observational","Behavioural","Abiotic",0,0,1,0,0,0,0,0,0,0,0,0,0,0,0,0,0,0,0,0
"16","10.1002/ece3.3068","Terrestrial","Plants","Plants","0","no",0,"Observational","Morphological","Abiotic",0,0,0,0,0,0,0,0,0,0,0,1,0,0,0,0,0,0,0,0
"18","10.1002/ece3.3297","Terrestrial","Plants","Plants","0","no",0,"Observational","Life History","Abiotic",0,0,0,0,0,0,0,0,0,0,0,1,0,0,0,0,0,0,0,0
"23","10.1002/ece3.4377","Terrestrial","Multiple","Multiple","0","no",0,"Review","Behavioural","Trophic",0,0,1,0,0,0,0,0,0,0,0,0,0,0,0,0,0,0,0,0
"24","10.1002/ece3.4896","Terrestrial","Mammals","Vertebrate","0","no",0,"Observational","Behavioural","Trophic",0,0,1,0,0,0,0,0,0,0,0,0,0,0,0,0,0,0,0,0
"25","10.1002/ece3.5121","Terrestrial","Mammals","Vertebrate","0","no",0,"Observational","Behavioural","Abiotic",0,0,1,0,0,0,0,0,0,0,0,0,0,0,0,0,0,0,0,0
"30","10.1002/eco.1655","Terrestrial","Plants","Plants","0","no",0,"Observational","Morphological","Abiotic",0,0,0,0,0,0,0,0,0,0,0,1,0,0,0,0,0,0,0,0
"34","10.1002/ecs2.2164","Terrestrial","Plants","Plants","0","no",0,"Experiment","Life History","Biotic",0,0,0,0,0,0,0,0,0,0,0,1,0,0,0,0,0,0,0,0
"37","10.1002/ecs2.2374","Terrestrial","Plants","Plants","0","no",0,"Observational","Morphological","Abiotic",0,0,0,0,0,0,1,0,0,0,0,0,0,0,0,0,0,0,0,0
"38","10.1002/ecs2.2460","Marine","Multiple","Multiple","0","no",0,"Observational","Morphological","Abiotic",0,0,1,0,0,0,0,0,0,0,0,0,0,0,0,0,0,0,0,0
"39","10.1002/ecy.1485","Freshwater","Multiple","Multiple","Invasion","yes",0,"Experiment","Morphological","Biotic",0,0,1,0,0,0,0,0,0,0,0,0,0,0,0,0,0,0,0,0
"48","10.1006/jaar.1998.0326","Terrestrial","Mammals","Vertebrate","0","no",0,"Observational","Behavioural","Biotic",0,0,1,0,0,0,0,0,0,0,0,0,0,0,0,0,0,0,0,0
"49","10.1007/BF00133308","Terrestrial","Birds","Vertebrate","Habitat Degredation","yes",0,"Observational","Life History","Abiotic",0,0,1,0,0,0,0,0,0,0,0,0,0,0,0,0,0,0,0,0
"63","10.1007/s00442-004-1650-z","Freshwater","Fish","Vertebrate","0","no",0,"Observational","Morphological","Trophic",0,0,1,0,0,0,0,0,0,0,0,0,0,0,0,0,0,0,0,0
"64","10.1007/s00442-004-1770-5","Terrestrial","Birds","Vertebrate","0","no",0,"Observational","Life History","Abiotic",0,0,0,0,0,0,0,0,0,0,0,0,0,0,1,0,0,0,0,0
"71","10.1007/s00442-012-2431-8","Terrestrial","Plants","Plants","0","no",0,"Observational","Morphological","Abiotic",0,0,0,0,0,0,0,0,0,0,0,1,0,0,0,0,0,0,0,0
"72","10.1007/s00442-013-2673-0","Freshwater","Other","Other","0","no",0,"Theoretical","Behavioural","Biotic",0,0,0,0,0,0,0,0,0,0,1,0,1,0,0,0,0,0,0,0
"73","10.1007/s00442-014-2917-7","Terrestrial","Insects","Invertebrate","0","no",0,"Observational","Morphological","Abiotic",0,0,0,0,0,0,0,1,0,0,0,0,0,0,0,0,0,0,0,0
"74","10.1007/s00442-014-3039-y","Terrestrial","Mammals","Vertebrate","0","no",0,"Observational","Behavioural","Trophic",0,0,1,0,0,0,0,0,0,0,0,0,0,0,0,0,0,0,0,0
"78","10.1007/s00442-015-3430-3","Terrestrial","Plants","Plants","0","no",0,"Observational","Physiological","Biotic",0,1,0,0,0,0,0,0,0,0,0,0,0,0,0,0,0,0,0,0
"79","10.1007/s00442-016-3547-z","Terrestrial","Plants","Plants","0","no",0,"Observational","Morphological","Biotic",0,1,0,0,0,0,0,0,0,0,0,1,0,0,0,0,0,0,0,0
"80","10.1007/s00442-016-3631-4","Terrestrial","Insects","Invertebrate","0","no",0,"Observational","Life History","Trophic",0,0,1,0,0,0,0,0,0,0,0,0,0,0,0,0,0,0,0,0
"90","10.1007/s10021-015-9875-8","Terrestrial","Birds","Vertebrate","0","no",0,"Observational","Life History","Abiotic",0,0,1,0,0,0,0,0,0,0,0,0,0,0,0,0,0,0,0,0
"93","10.1007/s10452-015-9546-z","Freshwater","Other","Other","0","no",0,"Observational","Morphological","Abiotic",0,0,0,0,0,0,0,0,0,0,0,0,0,0,0,0,0,0,1,0
"94","10.1007/s10452-016-9596-x","Freshwater","Plants","Plants","Global Change Broad","yes",0,"Review","Life History","Abiotic",0,0,0,0,0,0,0,0,0,0,0,1,0,0,0,0,0,0,0,0
"96","10.1007/s10452-017-9634-3","Freshwater","Plankton","Invertebrate","0","no",0,"Observational","Morphological","Abiotic",0,0,0,0,0,0,0,0,0,0,0,1,0,0,0,0,0,0,0,0
"98","10.1007/s10531-014-0742-2","Terrestrial","Plants","Plants","Invasion","yes",0,"Observational","Morphological","Biotic",0,0,0,0,0,0,0,0,1,0,0,1,0,0,0,0,0,0,0,0
"106","10.1007/s10661-015-4519-1","Freshwater","Plankton","Invertebrate","0","no",0,"Observational","Morphological","Abiotic",0,0,0,0,0,0,0,0,0,0,0,0,0,0,0,0,0,0,1,0
"108","10.1007/s10682-005-2005-x","Terrestrial","Plants","Plants","0","no",0,"Experiment","Morphological","Trophic",0,0,0,0,0,0,0,0,0,0,0,0,0,0,0,0,0,1,0,0
"110","10.1007/s10682-018-9945-4","Terrestrial","Birds","Vertebrate","0","no",0,"Observational","Morphological","Abiotic",0,0,0,0,0,0,0,0,1,0,0,0,0,0,0,0,0,0,0,0
"112","10.1007/s10750-015-2191-7","Freshwater","Other","Other","0","no",0,"Observational","Morphological","Trophic",0,0,1,0,0,0,1,0,0,0,0,0,0,0,0,0,0,0,0,0
"116","10.1007/s10750-017-3199-y","Freshwater","Fish","Vertebrate","0","no",0,"Review","Life History","Abiotic",0,0,1,0,0,0,0,0,0,0,0,0,0,0,0,0,0,0,0,0
"119","10.1007/s10750-018-3697-6","Freshwater","Other","Other","0","no",0,"Observational","Morphological","Abiotic",0,0,1,0,0,0,1,0,0,0,0,0,0,0,0,0,0,0,0,0
"122","10.1007/s11104-018-3816-1","Terrestrial","Plants","Plants","0","no",0,"Observational","Morphological","Abiotic",0,0,0,0,0,0,0,0,0,0,0,1,0,0,0,0,0,0,0,0
"123","10.1007/s11160-016-9446-x","Freshwater","Fish","Vertebrate","Habitat Degredation","yes",0,"Observational","Behavioural","Abiotic",0,0,1,0,0,0,0,0,0,0,0,0,0,0,0,0,0,0,0,0
"126","10.1007/s11284-016-1373-8","Terrestrial","Plants","Plants","Habitat Degredation","yes",0,"Observational","Morphological","Abiotic",0,0,0,0,0,0,0,0,0,0,0,1,0,0,0,0,0,0,0,0
"131","10.1007/s12080-011-0148-7","Multiple","Multiple","Multiple","0","no",1,"Theoretical","Life History","Trophic",0,0,0,0,0,0,0,0,0,0,1,0,0,0,0,0,0,0,0,0
"133","10.1007/s13593-013-0166-5","Terrestrial","Plants","Plants","0","no",0,"Review","Life History","Abiotic",0,0,0,0,0,0,1,0,0,0,0,0,0,0,0,0,0,0,0,0
"134","10.1007/s13595-019-0830-2","Terrestrial","Plants","Plants","0","no",0,"Observational","Morphological","Abiotic",0,0,0,0,0,0,1,0,0,0,0,1,0,0,0,0,0,0,0,0
"137","10.1016/B978-0-12-386475-8.00005-8","Marine","Multiple","Multiple","Global Change Multiple","yes",1,"Observational","Morphological","Trophic",0,0,1,0,0,0,0,0,0,0,0,0,0,0,0,0,0,0,0,0
"140","10.1016/B978-0-12-420002-9.00002-0","Terrestrial","Multiple","Multiple","0","no",0,"Review","Morphological","Biotic",0,1,0,0,0,0,0,0,0,0,0,1,0,0,0,0,0,0,0,0
"144","10.1016/j.agee.2017.01.036","Terrestrial","Other","Other","0","no",0,"Observational","Physiological","Abiotic",0,0,1,0,0,0,0,0,0,0,0,1,0,0,0,0,0,0,0,0
"149","10.1016/j.anbehav.2017.07.010","Marine","Fish","Vertebrate","Climate Change","yes",0,"Observational","Life History","Abiotic",0,0,1,0,0,0,0,0,0,0,0,0,0,0,0,0,0,0,0,0
"154","10.1016/j.csr.2009.01.003","Marine","Fish","Vertebrate","Exploitation","yes",0,"Observational","Life History","Trophic",0,0,1,0,0,0,0,0,0,0,0,0,0,0,0,0,0,0,0,0
"159","10.1016/j.ecocom.2012.03.003","Terrestrial","Plants","Plants","Habitat Degredation","yes",0,"Observational","Morphological","Abiotic",0,0,0,0,0,0,0,0,0,0,1,0,0,0,0,0,0,0,0,0
"162","10.1016/j.ecolind.20.17.05.066","Freshwater","Plants","Plants","0","no",0,"Review","Life History","Abiotic",0,0,1,0,0,0,0,0,0,0,0,1,0,0,0,0,0,0,0,0
"164","10.1016/j.ecolind.2016.07.019","Marine","Other","Other","Habitat Degredation","yes",0,"Observational","Morphological","Abiotic",0,0,1,0,0,0,0,0,0,0,0,0,0,0,0,0,0,0,0,0
"166","10.1016/j.ecolind.2017.12.003","Marine","Plankton","Invertebrate","0","no",0,"Observational","Physiological","Abiotic",0,0,0,0,0,0,0,0,0,0,0,1,0,0,0,0,0,0,1,0
"169","10.1016/j.ecss.2013.06.019","Marine","Other","Other","0","no",0,"Observational","Life History","Abiotic",0,0,1,0,0,0,0,0,0,0,0,0,0,0,0,0,0,0,0,0
"171","10.1016/j.ecss.2015.05.023","Terrestrial","Plants","Plants","0","no",0,"Observational","Life History","Abiotic",0,1,0,0,0,0,0,0,0,0,0,0,0,0,0,0,0,0,0,0
"172","10.1016/j.ecss.2017.11.016","Marine","Other","Other","Invasion","yes",0,"Experiment","Morphological","Trophic",0,0,1,0,0,0,0,0,0,0,0,0,0,0,0,0,0,0,0,0
"176","10.1016/j.foreco.2018.04.032","Terrestrial","Plants","Plants","Climate Change","yes",0,"Observational","Morphological","Abiotic",0,1,0,0,0,0,0,0,0,0,0,1,0,0,0,0,0,0,0,0
"184","10.1016/j.jtbi.2011.05.033","Terrestrial","Multiple","Multiple","0","no",0,"Observational","Morphological","Trophic",0,0,0,0,0,0,0,0,0,0,0,0,0,0,0,0,1,0,0,0
"186","10.1016/j.marenvres.2017.09.004","Marine","Fish","Vertebrate","Habitat Degredation","yes",0,"Observational","Behavioural","Trophic",0,0,1,0,0,0,0,0,0,0,0,0,0,0,0,0,0,0,0,0
"187","10.1016/j.marpolbul.2007.10.019","Marine","Multiple","Multiple","0","no",0,"Observational","Behavioural","Trophic",0,0,0,0,0,0,0,0,0,0,0,0,0,1,0,0,0,0,0,0
"188","10.1016/j.mbs.2016.01.005","Multiple","Multiple","Multiple","0","no",0,"Theoretical","Behavioural","Trophic",0,0,0,0,0,0,0,0,0,0,0,0,1,0,0,0,0,0,0,0
"189","10.1016/j.ncon.2016.09.006","Terrestrial","Plants","Plants","0","no",0,"Observational","Life History","Biotic",0,0,0,0,0,0,0,0,0,0,0,1,0,0,0,0,0,0,0,0
"196","10.1016/j.rse.2015.06.010","Terrestrial","Plants","Plants","0","no",0,"Observational","Morphological","Biotic",0,0,0,0,0,0,0,0,0,0,0,1,0,0,0,0,0,0,0,0
"197","10.1016/j.rse.2018.03.038","Terrestrial","Plants","Plants","0","no",0,"Experiment","Morphological","Abiotic",0,0,0,0,0,0,0,0,0,0,0,1,0,0,0,0,0,0,0,0
"199","10.1016/j.scitotenv.2016.04.193","Freshwater","Other","Other","Habitat Degredation","yes",0,"Observational","Physiological","Abiotic",0,0,0,0,0,0,0,0,0,0,0,0,0,1,0,0,0,0,0,0
"200","10.1016/j.scitotenv.2016.07.227","Freshwater","Other","Other","Habitat Degredation","yes",0,"Observational","Physiological","Biotic",0,0,1,0,0,0,0,0,0,0,0,0,0,0,0,0,0,0,0,0
"212","10.1017/S0031182004005050","Freshwater","Fish","Vertebrate","0","no",0,"Observational","Behavioural","Trophic",0,0,1,0,0,0,0,0,0,0,0,0,0,0,0,0,0,0,0,0
"214","10.1017/S0952836900002016","Marine","Other","Other","Invasion","yes",0,"Observational","Physiological","Abiotic",0,0,0,0,0,0,0,0,0,0,1,0,0,0,0,0,0,0,0,0
"225","10.1038/ncomms9877","Terrestrial","Multiple","Multiple","Habitat Degredation","yes",0,"Metanalysis","Behavioural","Abiotic",0,0,1,0,0,0,0,0,0,0,0,0,0,0,0,0,0,0,0,0
"228","10.1038/s41598-017-00429-9","Terrestrial","Plants","Plants","0","no",0,"Observational","Physiological","Abiotic",0,0,0,0,0,0,0,0,0,0,0,1,0,0,0,0,0,0,0,0
"229","10.1038/s41598-018-32078-x","Terrestrial","Plants","Plants","0","no",0,"Observational","Life History","Biotic",0,1,0,0,0,0,0,0,0,0,0,0,0,0,0,0,0,0,0,0
"230","10.1038/srep24110","Terrestrial","Plants","Plants","0","no",0,"Observational","Morphological","Abiotic",0,0,0,0,0,0,0,0,0,0,0,1,0,0,0,0,0,0,0,0
"233","10.1038/srep33383","Terrestrial","Insects","Invertebrate","Climate Change","yes",1,"Theoretical","Life History","Abiotic",0,0,0,0,0,0,0,0,0,0,1,0,0,0,0,0,0,0,0,0
"238","10.1046/j.1365-2427.2000.00535.x","Freshwater","Other","Other","0","no",0,"Observational","Morphological","Dispersal",0,0,1,0,0,0,0,0,0,0,0,0,0,1,0,0,0,0,0,0
"241","10.1046/j.1365-2435.2002.00664.x","Terrestrial","Plants","Plants","0","no",0,"Observational","Morphological","Biotic",0,1,0,0,0,0,0,0,0,0,0,1,0,0,0,0,0,0,0,0
"242","10.1046/j.1365-2656.2003.00727.x","Marine","Birds","Vertebrate","Climate Change","yes",0,"Observational","Life History","Abiotic",0,0,0,0,0,0,0,0,0,0,1,0,0,0,0,0,0,0,0,0
"248","10.1073/pnas.1015178108","Multiple","Multiple","Multiple","Climate Change","yes",0,"Review","Physiological","Abiotic",0,0,0,0,0,0,0,0,0,0,0,0,1,0,0,0,0,0,0,0
"249","10.1073/pnas.1215513110","Terrestrial","Plants","Plants","0","no",0,"Observational","Morphological","Biotic",0,0,0,0,0,0,0,0,0,0,0,1,0,0,0,0,0,0,0,0
"253","10.1073/pnas.1310700110","Terrestrial","Plants","Plants","Climate Change","yes",0,"Observational","Morphological","Abiotic",0,0,0,0,0,0,0,0,0,0,0,1,0,0,0,0,0,0,0,0
"254","10.1073/pnas.1315179111","Terrestrial","Plants","Plants","0","no",0,"Observational","Morphological","Dispersal",0,0,0,0,0,0,0,0,0,0,0,1,0,0,0,0,0,0,0,0
"263","10.1080/17550874.2017.1345997","Terrestrial","Plants","Plants","0","no",0,"Observational","Morphological","Abiotic",0,0,0,0,0,0,0,0,0,0,0,1,0,0,0,0,0,0,0,0
"265","10.1086/505157","Terrestrial","Multiple","Multiple","0","no",0,"Observational","Behavioural","Trophic",0,0,0,0,0,0,0,0,0,0,0,0,1,0,0,0,0,0,0,0
"267","10.1086/685894","Terrestrial","Birds","Vertebrate","0","no",0,"Observational","Behavioural","Biotic",0,0,1,0,0,0,0,0,0,0,0,0,0,0,0,0,0,0,0,0
"269","10.1086/696978","Freshwater","Other","Other","0","no",0,"Observational","Behavioural","Abiotic",0,0,1,0,0,0,0,0,0,0,0,0,0,0,0,0,0,0,0,0
"271","10.1086/703155","Multiple","Multiple","Multiple","0","no",0,"Theoretical","Behavioural","Trophic",0,0,0,0,0,0,0,0,0,0,1,0,0,0,0,0,0,0,0,0
"277","10.1093/beheco/ars040","Terrestrial","Birds","Vertebrate","0","no",0,"Observational","Morphological","Dispersal",0,0,0,0,0,0,0,0,0,0,0,0,0,0,0,0,0,1,0,0
"282","10.1093/jpe/rtt064","Terrestrial","Plants","Plants","0","no",0,"Observational","Morphological","Abiotic",0,0,0,0,0,0,0,0,0,0,0,1,0,0,0,0,0,0,0,0
"291","10.1098/rsos.181702","Multiple","Multiple","Multiple","0","no",0,"Theoretical","Behavioural","Dispersal",0,0,0,0,0,0,0,0,0,0,0,0,0,0,1,0,0,0,0,0
"294","10.1098/rspb.2005.3236","Multiple","Multiple","Multiple","0","no",0,"Theoretical","Behavioural","Abiotic",0,0,1,0,0,0,0,0,0,0,0,0,0,0,0,0,0,0,0,0
"304","10.1098/rspb.2017.1345","Marine","Fish","Vertebrate","0","no",0,"Review","Morphological","Dispersal",0,0,0,0,0,0,0,0,0,1,0,0,0,0,0,0,0,0,0,0
"311","10.1103/PhysRevE.88.062721","Multiple","Multiple","Multiple","0","no",0,"Theoretical","Life History","Trophic",0,0,0,0,0,0,0,0,0,0,1,0,0,0,0,0,0,0,0,0
"312","10.1111/1365-2435.12075","Terrestrial","Multiple","Multiple","0","no",0,"Observational","Behavioural","Trophic",0,0,1,0,0,0,0,0,0,0,0,0,0,0,0,0,0,0,0,0
"314","10.1111/1365-2435.12120","Terrestrial","Plants","Plants","Invasion","yes",0,"Observational","Morphological","Biotic",0,0,0,0,0,0,0,0,0,0,0,1,0,0,0,0,0,0,0,0
"316","10.1111/1365-2435.12162","Terrestrial","Plants","Plants","0","no",0,"Metanalysis","Morphological","Abiotic",0,0,0,0,0,0,0,0,0,0,0,1,0,0,0,0,0,0,0,0
"320","10.1111/1365-2435.12718","Terrestrial","Plants","Plants","0","no",0,"Observational","Life History","Biotic",0,0,0,0,0,0,1,0,0,0,0,1,0,0,0,0,0,0,0,0
"322","10.1111/1365-2435.12784","Marine","Plankton","Invertebrate","0","no",0,"Observational","Life History","Abiotic",0,0,0,0,0,0,0,0,0,0,0,1,0,0,0,0,0,0,0,0
"326","10.1111/1365-2435.12894","Terrestrial","Plants","Plants","0","no",0,"Observational","Morphological","Biotic",1,0,0,0,0,0,0,0,0,0,0,0,0,0,0,0,0,0,0,0
"327","10.1111/1365-2435.12938","Terrestrial","Plants","Plants","0","no",0,"Observational","Morphological","Biotic",0,0,0,0,0,0,0,0,0,0,0,1,0,0,0,0,0,0,0,0
"331","10.1111/1365-2435.13141","Terrestrial","Multiple","Multiple","0","no",0,"Observational","Morphological","Abiotic",0,0,1,0,0,0,0,0,0,0,0,0,0,0,0,0,0,0,0,0
"332","10.1111/1365-2435.13142","Terrestrial","Multiple","Multiple","0","no",0,"Observational","Life History","Abiotic",0,0,1,0,0,0,0,0,0,0,0,0,0,0,0,0,0,0,0,0
"335","10.1111/1365-2656.12081","Multiple","Multiple","Multiple","Climate Change","yes",0,"Theoretical","Behavioural","Abiotic",0,0,1,0,0,0,0,0,0,0,0,0,0,0,0,0,0,0,0,0
"337","10.1111/1365-2656.12161","Terrestrial","Multiple","Multiple","0","no",0,"Observational","Behavioural","Trophic",0,0,1,0,0,0,0,0,0,0,0,0,0,0,0,0,0,0,0,0
"339","10.1111/1365-2656.12218","Marine","Multiple","Multiple","0","no",0,"Theoretical","Morphological","Trophic",0,1,0,1,0,0,0,0,1,0,0,0,0,0,0,0,1,0,0,0
"342","10.1111/1365-2656.12271","Terrestrial","Insects","Invertebrate","0","no",0,"Observational","Morphological","Trophic",0,0,1,0,0,0,0,0,0,0,0,0,0,0,0,0,0,0,0,0
"343","10.1111/1365-2656.12274","Marine","Fish","Vertebrate","Exploitation","yes",0,"Theoretical","Life History","Trophic",0,0,0,0,0,0,0,0,0,0,1,0,0,0,0,0,0,0,0,0
"345","10.1111/1365-2656.12478","Marine","Birds","Vertebrate","0","no",0,"Observational","Morphological","Abiotic",0,0,1,0,0,0,0,0,0,0,0,0,0,0,0,0,0,0,0,0
"348","10.1111/1365-2656.12648","Terrestrial","Insects","Invertebrate","Habitat Degredation","yes",0,"Observational","Morphological","Abiotic",0,0,1,0,0,0,0,0,0,0,0,0,0,0,0,0,0,0,0,0
"349","10.1111/1365-2656.12650","Marine","Birds","Vertebrate","0","no",0,"Observational","Morphological","Trophic",0,0,1,0,0,0,0,0,0,0,0,0,0,0,0,0,0,0,0,0
"351","10.1111/1365-2656.12747","Terrestrial","Insects","Invertebrate","Habitat Degredation","yes",0,"Observational","Life History","Abiotic",0,0,1,0,0,0,0,0,0,0,0,0,0,0,0,0,0,0,0,0
"355","10.1111/1365-2656.13029","Multiple","Birds","Vertebrate","0","no",0,"Observational","Behavioural","Trophic",0,0,1,0,0,0,0,0,0,0,0,0,0,0,0,0,0,0,0,0
"357","10.1111/1365-2664.12037","Terrestrial","Plants","Plants","0","no",0,"Observational","Life History","Abiotic",0,0,0,0,0,0,0,0,0,0,0,1,0,0,0,0,0,0,0,0
"359","10.1111/1365-2664.12493","Terrestrial","Multiple","Multiple","0","no",0,"Observational","Behavioural","Abiotic",0,0,1,0,0,0,0,0,0,0,0,0,0,0,0,0,0,0,0,0
"360","10.1111/1365-2664.12516","Terrestrial","Plants","Plants","Habitat Degredation","yes",0,"Observational","Morphological","Abiotic",0,0,0,0,0,0,0,0,0,0,0,1,0,0,0,0,0,0,0,0
"365","10.1111/1365-2664.13134","Terrestrial","Plants","Plants","Habitat Degredation","yes",0,"Review","Morphological","Abiotic",0,0,0,0,0,0,0,0,0,0,0,1,0,0,0,0,0,0,0,0
"366","10.1111/1365-2745.12003","Terrestrial","Plants","Plants","0","no",0,"Observational","Life History","Abiotic",0,0,0,0,0,0,0,0,0,0,0,1,0,0,0,0,0,0,0,0
"367","10.1111/1365-2745.12012","Terrestrial","Plants","Plants","0","no",0,"Observational","Morphological","Abiotic",0,0,0,0,0,0,0,0,0,0,0,1,0,0,0,0,0,0,0,0
"370","10.1111/1365-2745.12160","Terrestrial","Plants","Plants","0","no",0,"Observational","Morphological","Abiotic",0,0,0,0,0,0,1,0,0,0,0,1,0,0,0,0,0,0,0,0
"373","10.1111/1365-2745.12366","Terrestrial","Plants","Plants","0","no",0,"Observational","Morphological","Abiotic",0,1,0,0,0,0,0,0,0,0,0,1,0,0,0,0,0,0,0,0
"375","10.1111/1365-2745.12489","Terrestrial","Plants","Plants","0","no",0,"Experiment","Morphological","Abiotic",0,1,0,0,0,0,0,0,0,0,0,1,0,0,0,0,0,0,0,0
"376","10.1111/1365-2745.12536","Terrestrial","Plants","Plants","0","no",0,"Observational","Morphological","Biotic",0,0,0,0,0,0,0,0,0,0,0,1,0,0,0,0,0,0,0,0
"377","10.1111/1365-2745.12598","Terrestrial","Plants","Plants","0","no",0,"Observational","Morphological","Abiotic",0,0,0,0,0,0,0,0,0,0,0,1,0,0,0,0,0,0,0,0
"380","10.1111/1365-2745.12658","Terrestrial","Plants","Plants","0","no",0,"Observational","Morphological","Biotic",0,0,0,0,0,0,0,0,0,0,0,1,0,0,0,0,0,0,0,0
"381","10.1111/1365-2745.12747","Terrestrial","Plants","Plants","0","no",0,"Observational","Morphological","Abiotic",0,1,0,0,0,0,0,0,0,0,0,0,0,0,0,0,0,0,0,0
"382","10.1111/1365-2745.12802","Terrestrial","Plants","Plants","0","no",0,"Observational","Morphological","Abiotic",0,0,0,0,0,0,0,0,0,0,0,1,0,0,0,0,0,0,0,0
"384","10.1111/1365-2745.12996","Terrestrial","Plants","Plants","Habitat Degredation","yes",0,"Observational","Life History","Abiotic",0,0,0,0,0,0,0,0,0,0,0,1,0,0,0,0,0,0,0,0
"388","10.1111/1752-1688.12650","Freshwater","Other","Other","0","no",0,"Observational","Physiological","Dispersal",0,0,1,0,0,0,0,0,0,0,0,0,0,1,0,0,0,0,0,0
"392","10.1111/2041-210X.12591","Freshwater","Other","Other","0","no",0,"Observational","Life History","Abiotic",0,0,1,0,0,0,0,0,0,0,0,0,0,0,0,0,0,0,0,0
"395","10.1111/bij.12238","Terrestrial","Mammals","Vertebrate","0","no",0,"Observational","Morphological","Abiotic",0,0,0,0,0,0,0,1,0,0,0,0,0,0,0,0,0,0,0,0
"400","10.1111/cobi.12378","Marine","Birds","Vertebrate","Global Change Broad","yes",0,"Observational","Behavioural","Abiotic",0,0,1,0,0,0,0,0,0,0,0,0,0,0,0,0,0,0,0,0
"406","10.1111/ddi.12785","Terrestrial","Insects","Invertebrate","0","no",0,"Observational","Morphological","Abiotic",0,0,1,0,0,0,0,0,0,0,0,0,0,0,0,0,0,0,0,0
"408","10.1111/ecog.00473","Terrestrial","Plants","Plants","0","no",0,"Observational","Morphological","Abiotic",0,0,0,0,0,0,0,0,0,0,0,1,0,0,0,0,0,0,0,0
"414","10.1111/ecog.02926","Freshwater","Plankton","Invertebrate","Habitat Degredation","yes",0,"Observational","Life History","Abiotic",0,0,1,0,0,0,0,0,0,0,0,0,0,0,0,0,0,0,0,0
"421","10.1111/een.1.2425","Terrestrial","Insects","Invertebrate","0","no",0,"Observational","Morphological","Abiotic",0,0,0,0,0,0,0,0,0,0,0,1,0,0,0,0,0,0,0,0
"426","10.1111/ele.12081","Multiple","Multiple","Multiple","0","no",0,"Theoretical","Life History","Biotic",0,0,1,0,0,0,0,0,0,0,0,0,0,0,0,0,0,0,0,0
"427","10.1111/ele.12157","Multiple","Multiple","Multiple","0","no",0,"Review","Morphological","Abiotic",0,1,0,0,0,0,0,0,0,0,0,1,0,0,0,0,0,0,0,0
"433","10.1111/ele.12642","Terrestrial","Plants","Plants","0","no",0,"Observational","Morphological","Biotic",0,0,0,0,0,0,0,0,0,0,0,1,0,0,0,0,0,0,0,0
"434","10.1111/ele.12688","Marine","Other","Other","0","no",0,"Review","Morphological","Abiotic",0,0,1,0,0,0,0,0,0,0,0,0,0,0,0,0,0,0,0,0
"437","10.1111/ele.12945","Multiple","Plants","Plants","0","no",0,"Review","Morphological","Abiotic",0,0,0,0,0,0,0,0,0,0,0,1,0,0,0,0,0,0,0,0
"443","10.1111/faf.12155","Marine","Fish","Vertebrate","Climate Change","yes",0,"Review","Physiological","Abiotic",0,0,1,0,0,0,0,0,0,0,1,0,0,0,0,0,0,0,0,0
"447","10.1111/fwb.12554","Freshwater","Multiple","Multiple","0","no",0,"Observational","Physiological","Biotic",0,0,1,0,0,0,0,0,0,0,0,0,0,1,0,0,0,0,0,0
"448","10.1111/fwb.12934","Freshwater","Multiple","Multiple","0","no",0,"Observational","Morphological","Abiotic",0,0,1,0,0,0,0,0,0,0,0,0,0,0,0,0,0,0,0,0
"449","10.1111/fwb.12961","Freshwater","Insects","Invertebrate","0","no",0,"Observational","Life History","Abiotic",0,0,1,0,0,0,0,0,0,0,0,0,0,0,0,0,0,0,0,0
"452","10.1111/gcb.12355","Freshwater","Multiple","Multiple","Global Change Broad","yes",0,"Observational","Behavioural","Biotic",0,0,1,0,0,0,0,0,0,0,0,0,0,0,0,0,0,0,0,0
"456","10.1111/gcb.12862","Terrestrial","Birds","Vertebrate","Global Change Broad","yes",0,"Review","Behavioural","Abiotic",0,0,1,0,0,0,0,0,0,0,0,0,0,0,0,0,0,0,0,0
"462","10.1111/gcb.13542","Terrestrial","Plants","Plants","Climate Change","yes",0,"Theoretical","Morphological","Abiotic",0,0,0,0,0,0,0,0,0,0,0,1,0,0,0,0,0,0,0,0
"467","10.1111/geb.12030","Terrestrial","Plants","Plants","0","no",0,"Observational","Morphological","Abiotic",0,0,0,0,0,0,0,0,0,0,0,1,0,0,0,0,0,0,0,0
"469","10.1111/geb.12148","Terrestrial","Birds","Vertebrate","0","no",0,"Review","Morphological","Biotic",0,0,1,0,0,0,0,0,0,0,0,0,0,0,0,0,0,0,0,0
"470","10.1111/geb.12167","Terrestrial","Plants","Plants","0","no",0,"Observational","Physiological","Abiotic",0,0,0,0,0,0,0,0,0,0,0,1,0,0,0,0,0,0,0,0
"471","10.1111/geb.12249","Terrestrial","Plants","Plants","Invasion","yes",0,"Metanalysis","Life History","Abiotic",0,0,0,0,0,0,0,0,0,0,0,1,0,0,0,0,0,0,0,0
"473","10.1111/geb.12475","Freshwater","Fish","Vertebrate","0","no",0,"Observational","Behavioural","Biotic",0,0,0,0,0,0,0,0,0,0,0,0,0,0,0,0,0,0,0,1
"476","10.1111/geb.12567","Terrestrial","Multiple","Multiple","Invasion","yes",0,"Observational","Morphological","Abiotic",0,0,0,0,0,0,0,1,0,0,0,0,0,0,0,0,0,0,0,0
"477","10.1111/geb.12636","Terrestrial","Plants","Plants","0","no",0,"Observational","Life History","Trophic",0,0,0,0,0,0,0,0,0,0,0,0,0,0,1,0,0,0,0,0
"479","10.1111/geb.12783","Terrestrial","Plants","Plants","0","no",0,"Observational","Morphological","Abiotic",0,0,0,0,0,0,0,0,0,0,0,1,0,0,0,0,0,0,0,0
"481","10.1111/icad.12051","Terrestrial","Insects","Invertebrate","0","no",0,"Observational","Morphological","Biotic",0,0,1,0,0,0,0,0,0,0,0,0,0,0,0,0,0,0,0,0
"483","10.1111/icad.12271","Freshwater","Insects","Invertebrate","0","no",0,"Observational","Behavioural","Abiotic",0,0,1,0,0,0,0,0,0,0,0,0,0,0,0,0,0,0,0,0
"498","10.1111/j.1365-2427.1994.tb01756.x","Terrestrial","Multiple","Multiple","0","no",0,"Observational","Behavioural","Abiotic",0,0,1,0,0,0,0,1,0,0,0,0,0,0,0,0,0,0,0,0
"502","10.1111/j.1365-2435.2009.01528.x","Terrestrial","Mammals","Vertebrate","0","no",0,"Review","Morphological","Abiotic",0,0,0,0,0,0,0,0,1,0,0,0,0,0,0,0,0,0,0,0
"504","10.1111/j.1365-2435.2010.01727.x","Terrestrial","Plants","Plants","0","no",0,"Observational","Morphological","Abiotic",0,0,0,0,0,0,0,0,0,0,0,1,0,0,0,0,0,0,0,0
"510","10.1111/j.1365-2656.2006.01068.x","Freshwater","Other","Other","0","no",0,"Observational","Life History","Dispersal",0,0,1,0,0,0,0,0,0,0,0,0,0,0,0,0,0,0,0,0
"524","10.1111/j.1365-2664.2012.02211.x","Terrestrial","Insects","Invertebrate","Habitat Degredation","yes",0,"Observational","Life History","Abiotic",0,0,1,0,0,0,0,0,0,0,0,0,0,0,0,0,0,0,0,0
"527","10.1111/j.1365-2699.2011.02502.x","Terrestrial","Birds","Vertebrate","0","no",0,"Observational","Morphological","Abiotic",0,0,1,0,0,0,0,0,0,0,0,0,0,0,0,0,0,0,0,0
"532","10.1111/j.1365-2745.2010.01651.x","Terrestrial","Plants","Plants","0","no",0,"Observational","Morphological","Abiotic",0,0,0,0,0,0,0,0,0,0,0,1,0,0,0,0,0,0,0,0
"533","10.1111/j.1365-2745.2010.01662.x","Terrestrial","Plants","Plants","0","no",0,"Observational","Morphological","Biotic",0,0,0,0,0,0,0,0,0,0,0,1,0,0,0,0,0,0,0,0
"537","10.1111/j.1365-2745.2011.01860.x","Terrestrial","Plants","Plants","Invasion","yes",0,"Observational","Morphological","Biotic",0,0,0,0,0,0,0,0,0,0,0,1,0,0,0,0,0,0,0,0
"538","10.1111/j.1365-2745.2011.01932.x","Terrestrial","Plants","Plants","0","no",0,"Observational","Morphological","Abiotic",0,0,0,0,0,0,0,0,0,0,0,1,0,0,0,0,0,0,0,0
"539","10.1111/j.1365-2745.2012.01965.x","Terrestrial","Plants","Plants","0","no",0,"Observational","Morphological","Biotic",0,0,0,0,0,0,0,0,0,0,0,1,0,0,0,0,0,0,0,0
"540","10.1111/j.1365-2745.2012.01966.x","Terrestrial","Plants","Plants","0","no",0,"Observational","Morphological","Biotic",0,0,0,0,0,0,0,0,0,0,0,1,0,0,0,0,0,0,0,0
"545","10.1111/j.1461-0248.2008.01255.x","Terrestrial","Multiple","Multiple","Habitat Degredation","yes",0,"Metanalysis","Morphological","Abiotic",0,0,1,0,0,0,0,0,0,0,0,0,0,0,0,0,0,0,0,0
"546","10.1111/j.1461-0248.2009.01307.x","Terrestrial","Mammals","Vertebrate","Global Change Broad","yes",0,"Observational","Morphological","Abiotic",0,0,0,0,0,0,0,1,0,0,0,0,0,0,0,0,0,0,0,0
"547","10.1111/j.1461-0248.2010.01456.x","Terrestrial","Plants","Plants","0","no",0,"Observational","Morphological","Biotic",0,0,0,0,0,0,1,0,0,0,0,0,0,0,0,0,0,0,0,0
"548","10.1111/j.1461-0248.2010.01493.x","Terrestrial","Birds","Vertebrate","0","no",0,"Review","Morphological","Abiotic",0,0,1,0,0,0,0,0,0,0,0,0,0,0,0,0,0,0,0,0
"549","10.1111/j.1461-0248.2010.01541.x","Terrestrial","Plants","Plants","0","no",0,"Observational","Physiological","Abiotic",0,0,0,0,0,0,0,0,0,0,0,1,0,0,0,0,0,0,0,0
"551","10.1111/j.1461-0248.2012.01744.x","Terrestrial","Birds","Vertebrate","0","no",0,"Observational","Morphological","Trophic",0,0,1,0,0,0,0,0,0,0,0,0,0,0,0,0,0,0,0,0
"554","10.1111/j.1466-8238.2010.00623.x","Terrestrial","Plants","Plants","0","no",0,"Observational","Morphological","Abiotic",0,0,0,0,0,0,0,0,0,0,0,1,0,0,0,0,0,0,0,0
"559","10.1111/j.1469-1795.2012.00528.x","Terrestrial","Birds","Vertebrate","Habitat Degredation","yes",0,"Observational","Behavioural","Abiotic",0,0,1,0,0,0,0,0,0,0,0,0,0,0,0,0,0,0,0,0
"562","10.1111/j.1472-4642.2009.00599.x","Terrestrial","Plants","Plants","Invasion","yes",0,"Observational","Morphological","Abiotic",0,1,0,0,0,0,0,0,1,0,0,1,0,0,0,1,0,0,0,0
"563","10.1111/j.1529-8817.2010.00890.x","Marine","Plants","Plants","0","no",0,"Experiment","Morphological","Abiotic",0,0,0,0,0,0,0,0,0,0,0,1,0,0,0,0,0,0,0,0
"565","10.1111/j.1600-0587.2012.00011.x","Terrestrial","Plants","Plants","0","no",0,"Observational","Morphological","Dispersal",0,0,0,0,0,0,0,0,0,0,0,1,0,0,0,0,0,0,0,0
"567","10.1111/j.1600-0587.2013.00237.x","Terrestrial","Plants","Plants","Climate Change","yes",1,"Observational","Morphological","Abiotic",0,0,0,0,0,0,0,0,0,0,0,1,0,0,0,0,0,0,0,0
"569","10.1111/j.1600-0706.2010.18411.x","Terrestrial","Plants","Plants","0","no",0,"Observational","Morphological","Abiotic",0,0,0,0,0,0,0,0,0,0,0,1,0,0,0,0,0,0,0,0
"572","10.1111/j.1600-0706.2012.20025.x","Terrestrial","Plants","Plants","0","no",0,"Observational","Morphological","Biotic",0,0,0,0,0,0,0,0,0,0,0,1,0,0,0,0,0,0,0,0
"583","10.1111/jbi.12284","Terrestrial","Other","Other","0","no",0,"Observational","Morphological","Abiotic",0,0,0,0,0,0,1,0,0,0,0,0,0,0,0,0,0,0,0,0
"593","10.1111/jbi.13171","Terrestrial","Plants","Plants","0","no",0,"Observational","Morphological","Abiotic",0,0,0,0,0,0,0,0,0,0,0,1,0,0,0,0,0,0,0,0
"594","10.1111/jbi.13457","Freshwater","Other","Other","0","no",0,"Observational","Morphological","Abiotic",0,0,1,0,0,0,0,0,0,0,0,0,0,0,0,0,0,0,0,0
"600","10.1111/jeb.12923","Freshwater","Other","Other","0","no",0,"Observational","Behavioural","Trophic",0,0,1,0,0,0,0,0,0,0,0,0,0,0,0,0,0,0,0,0
"606","10.1111/jvs.12066","Terrestrial","Plants","Plants","0","no",0,"Review","Life History","Abiotic",0,0,0,0,0,0,0,0,0,0,0,1,0,0,0,0,0,0,0,0
"607","10.1111/jvs.12151","Terrestrial","Plants","Plants","0","no",0,"Observational","Life History","Abiotic",0,0,0,0,0,0,0,0,0,0,0,1,0,0,0,0,0,0,0,0
"609","10.1111/jvs.12252","Terrestrial","Plants","Plants","0","no",1,"Theoretical","Physiological","Abiotic",0,0,0,0,0,0,0,0,0,0,1,0,0,0,0,0,0,0,0,0
"612","10.1111/jvs.12375","Terrestrial","Plants","Plants","0","no",0,"Review","Morphological","Abiotic",0,0,0,0,0,0,0,0,1,0,0,1,0,0,0,0,0,0,0,0
"614","10.1111/jvs.12555","Terrestrial","Plants","Plants","0","no",0,"Observational","Morphological","Abiotic",0,0,0,0,0,0,0,0,0,0,0,1,0,0,0,0,0,0,0,0
"619","10.1111/mam.12035","Terrestrial","Mammals","Vertebrate","0","no",0,"Review","Behavioural","Biotic",0,0,0,0,0,1,0,0,0,0,0,0,0,0,0,0,0,0,0,0
"624","10.1111/mec.14872","Terrestrial","Insects","Invertebrate","0","no",0,"Observational","Morphological","Abiotic",0,0,1,0,0,0,0,0,0,0,0,0,0,0,0,0,0,0,0,0
"632","10.1111/oik.01544","Marine","Multiple","Multiple","Global Change Multiple","yes",1,"Experiment","Morphological","Abiotic",0,0,0,1,0,0,0,0,0,0,0,0,0,0,0,0,0,0,0,0
"633","10.1111/oik.02100","Marine","Multiple","Multiple","0","no",0,"Observational","Morphological","Abiotic",0,0,1,0,0,0,0,0,0,0,0,0,0,0,0,0,0,0,0,0
"638","10.1111/oik.04712","Terrestrial","Insects","Invertebrate","0","no",0,"Observational","Behavioural","Trophic",0,0,1,0,0,0,0,0,0,0,0,0,0,0,0,0,0,0,0,0
"642","10.1111/plb.12566","Terrestrial","Plants","Plants","0","no",0,"Observational","Morphological","Abiotic",0,0,0,0,0,0,0,0,0,0,0,0,0,0,0,1,0,0,0,0
"643","10.1111/wre.12126","Terrestrial","Plants","Plants","Habitat Degredation","yes",0,"Observational","Life History","Abiotic",0,0,0,0,0,0,0,1,0,0,0,0,0,0,0,0,0,0,0,0
"644","10.1126/science.1160662","Terrestrial","Plants","Plants","0","no",0,"Observational","Morphological","Biotic",0,0,0,0,0,0,0,0,0,0,0,1,0,0,0,0,0,0,0,0
"653","10.1177/1059712311426800","Terrestrial","Herpetofauna","Vertebrate","0","no",0,"Experiment","Behavioural","Trophic",0,0,1,0,0,0,0,0,0,0,0,0,0,0,0,0,0,0,0,0
"656","10.1186/1471-2148-13-132","Freshwater","Fish","Vertebrate","0","no",0,"Observational","Morphological","Trophic",0,0,1,0,0,0,0,0,0,0,0,0,0,0,0,0,0,0,0,0
"658","10.1186/1471-2148-14-156","Marine","Other","Other","0","no",0,"Observational","Physiological","Abiotic",0,0,0,0,0,0,0,0,0,0,1,0,0,0,0,0,0,0,0,0
"661","10.1186/2193-1801-3-630","Terrestrial","Birds","Vertebrate","0","no",0,"Observational","Behavioural","Trophic",0,0,1,0,0,0,0,0,0,0,0,0,0,0,0,0,0,0,0,0
"670","10.1371/journal.pone.0053873","Multiple","Herpetofauna","Vertebrate","0","no",0,"Theoretical","Morphological","Trophic",0,0,0,0,0,0,0,0,0,0,0,0,0,0,0,0,1,0,0,0
"672","10.1371/journal.pone.0081739","Terrestrial","Multiple","Multiple","0","no",0,"Metanalysis","Morphological","Abiotic",0,0,1,0,0,0,0,0,0,0,0,0,0,0,0,0,0,0,0,0
"674","10.1371/journal.pone.0090437","Terrestrial","Multiple","Multiple","0","no",0,"Observational","Morphological","Trophic",0,0,1,0,0,0,0,0,0,0,0,0,0,0,0,0,0,0,1,0
"675","10.1371/journal.pone.0093237","Freshwater","Fish","Vertebrate","Invasion","yes",0,"Observational","Morphological","Abiotic",0,0,1,0,0,0,0,0,0,0,0,0,0,0,0,0,0,0,0,0
"680","10.1371/journal.pone.0114290","Terrestrial","Plants","Plants","Habitat Degredation","yes",0,"Observational","Morphological","Abiotic",0,1,0,0,0,0,0,0,0,0,0,1,0,0,0,0,0,0,0,0
"682","10.1371/journal.pone.0130151","Terrestrial","Plants","Plants","0","no",0,"Observational","Morphological","Biotic",0,0,0,0,0,0,0,0,0,0,0,1,0,0,0,0,0,0,0,0
"684","10.1371/journal.pone.0131630","Freshwater","Plants","Plants","0","no",0,"Observational","Morphological","Abiotic",0,1,0,0,0,0,0,0,0,0,0,1,0,0,0,0,0,0,0,0
"688","10.1371/journal.pone.0172879","Terrestrial","Herpetofauna","Vertebrate","0","no",0,"Observational","Morphological","Trophic",0,0,0,0,0,0,0,0,0,0,0,1,0,0,0,0,0,0,0,0
"703","10.1666/13024","Marine","Other","Other","0","no",0,"Observational","Behavioural","Trophic",0,0,1,0,0,0,0,0,0,0,0,0,0,0,0,0,0,0,0,0
"706","10.1890/0012-9658(2003)084[1129:AHUISP]2.0.CO;2","Marine","Multiple","Multiple","0","no",0,"Theoretical","Life History","Trophic",0,0,0,0,0,0,0,0,0,0,1,0,0,0,0,0,0,0,0,0
"713","10.1890/09-1672.1","Terrestrial","Plants","Plants","0","no",0,"Observational","Morphological","Abiotic",0,0,0,0,0,0,0,0,0,0,0,1,0,0,0,0,0,0,0,0
"715","10.1890/10-0394.1","Terrestrial","Plants","Plants","0","no",0,"Observational","Morphological","Abiotic",0,0,0,0,0,0,0,0,0,0,0,1,0,0,0,0,0,0,0,0
"716","10.1890/10-1245.1","Terrestrial","Plants","Plants","0","no",0,"Review","Morphological","Abiotic",0,0,0,0,0,0,0,0,0,0,0,1,0,0,0,0,0,0,0,0
"717","10.1890/10-1961.1","Terrestrial","Plants","Plants","0","no",0,"Observational","Life History","Abiotic",0,0,0,0,0,0,0,0,0,0,0,1,0,0,0,0,0,0,0,0
"718","10.1890/1051-0761(2006)016[0891:STAPOL]2.0.CO;2","Terrestrial","Insects","Invertebrate","0","no",0,"Observational","Life History","Abiotic",0,0,0,0,1,0,0,0,0,0,0,0,0,0,0,0,0,0,0,0
"720","10.1890/11-0975.1","Terrestrial","Multiple","Multiple","0","no",0,"Observational","Morphological","Abiotic",0,0,0,0,0,0,1,0,0,0,0,0,0,0,0,0,0,0,0,0
"721","10.1890/11-2026.1","Terrestrial","Plants","Plants","0","no",0,"Observational","Morphological","Abiotic",0,0,0,0,0,0,0,0,0,0,1,0,0,0,0,0,0,0,0,0
"723","10.1890/13-2036.1","Terrestrial","Insects","Invertebrate","0","no",0,"Observational","Behavioural","Abiotic",0,0,1,0,0,0,0,0,0,0,0,0,0,0,0,0,0,0,0,0
"726","10.1890/13-2377.1","Terrestrial","Plants","Plants","0","no",0,"Observational","Physiological","Abiotic",0,0,0,0,0,0,0,0,0,0,0,1,0,0,0,0,0,0,0,0
"729","10.1890/14-0454.1","Terrestrial","Plants","Plants","0","no",0,"Observational","Morphological","Abiotic",0,0,0,0,0,0,0,0,0,0,0,1,0,0,0,0,0,0,0,0
"732","10.1890/14-2326.1.sm","Terrestrial","Insects","Invertebrate","0","no",0,"Review","Morphological","Biotic",0,0,1,0,0,0,0,0,0,0,0,0,0,0,0,0,0,0,0,0
"733","10.1890/14-2357.1","Terrestrial","Plants","Plants","0","no",0,"Observational","Morphological","Biotic",0,0,0,0,0,0,0,0,0,0,0,1,0,0,0,0,0,0,0,0
"734","10.1890/15-0794.1","Freshwater","Other","Other","Climate Change","yes",0,"Observational","Life History","Abiotic",0,0,0,0,0,0,0,0,1,0,0,0,0,0,0,0,0,0,0,0
"735","10.1890/15-1084.1","Multiple","Plankton","Invertebrate","0","no",0,"Metanalysis","Physiological","Abiotic",0,1,0,0,0,0,0,0,1,0,0,1,0,0,0,0,0,0,0,0
"739","10.1890/ES13-00102.1","Terrestrial","Plants","Plants","Global Change Broad","yes",0,"Observational","Life History","Abiotic",0,0,0,0,0,0,0,0,0,0,1,0,0,0,0,0,0,0,0,0
"740","10.1899/06-12.1","Freshwater","Other","Other","Habitat Degredation","yes",0,"Observational","Behavioural","Abiotic",0,0,1,0,0,0,0,0,0,0,0,0,0,0,0,0,0,0,0,0
"744","10.2307/1467813","Freshwater","Insects","Invertebrate","0","no",0,"Review","Morphological","Abiotic",0,0,1,0,0,0,0,0,0,0,0,0,0,0,0,0,0,0,0,0
"748","10.2307/1941217","Freshwater","Fish","Vertebrate","0","no",0,"Observational","Life History","Abiotic",0,0,0,0,0,0,0,0,0,0,0,0,0,1,0,0,0,0,0,0
"751","10.2307/2410901","Freshwater","Fish","Vertebrate","0","no",0,"Observational","Life History","Trophic",0,0,0,0,0,0,0,0,0,0,1,0,0,0,0,0,0,0,0,0
"753","10.2307/2937081","Terrestrial","Herpetofauna","Vertebrate","0","no",0,"Observational","Morphological","Abiotic",0,0,0,0,0,0,0,0,0,0,0,0,0,0,1,0,0,0,0,0
"755","10.2307/5755","Multiple","Multiple","Multiple","0","no",0,"Theoretical","Behavioural","Biotic",0,0,1,0,0,0,0,0,0,0,0,0,0,0,0,0,0,0,0,0
"758","10.3354/meps09086","Marine","Fish","Vertebrate","0","no",0,"Observational","Behavioural","Trophic",0,0,0,0,0,0,0,0,0,0,1,0,0,0,0,0,0,0,0,0
"759","10.3354/meps10036","Marine","Multiple","Multiple","Habitat Degredation","yes",1,"Theoretical","Life History","Abiotic",0,0,1,0,0,0,0,0,0,0,0,0,0,0,0,0,0,0,0,0
"761","10.3354/meps11626","Marine","Birds","Vertebrate","0","no",0,"Observational","Behavioural","Trophic",0,0,1,0,0,0,0,0,0,0,0,0,0,0,0,0,0,0,0,0
"762","10.3354/meps12165","Marine","Multiple","Multiple","Exploitation","yes",0,"Observational","Life History","Abiotic",0,0,1,0,0,0,0,0,0,0,0,0,0,0,0,0,0,0,0,0
"763","10.3389/fevo.2017.00084","Terrestrial","Birds","Vertebrate","Habitat Degredation","yes",0,"Review","Life History","Abiotic",0,0,1,0,0,0,0,0,0,0,0,0,1,0,0,0,0,0,0,0
"764","10.3389/fevo.2018.00219","Multiple","Plants","Plants","0","no",0,"Review","Morphological","Abiotic",0,0,0,0,0,0,0,0,0,0,0,1,0,0,0,0,0,0,0,0
"769","10.3389/fpls.2016.00189","Terrestrial","Plants","Plants","0","no",0,"Observational","Morphological","Abiotic",0,0,0,0,0,0,0,0,0,0,0,1,0,0,0,0,0,0,0,0
"772","10.3390/f9010019","Terrestrial","Plants","Plants","0","no",0,"Observational","Morphological","Abiotic",0,0,0,0,0,0,0,0,0,0,0,1,0,0,0,0,0,0,0,0
"773","10.3390/f9030122","Terrestrial","Plants","Plants","0","no",0,"Observational","Morphological","Abiotic",0,0,0,0,0,0,0,0,0,0,0,1,0,0,0,0,0,0,0,0
"774","10.3390/f9110722","Terrestrial","Plants","Plants","Global Change Multiple","yes",1,"Observational","Morphological","Abiotic",0,0,1,0,0,0,0,0,0,0,0,0,0,0,0,0,0,0,0,0
"775","10.3390/insects10040103","Terrestrial","Insects","Invertebrate","0","no",0,"Observational","Life History","Abiotic",0,0,1,0,0,0,0,0,0,0,0,1,0,0,0,0,0,0,0,0
"778","10.3390/w11020222","Freshwater","Plankton","Invertebrate","0","no",0,"Experiment","Morphological","Abiotic",0,0,0,0,0,0,0,0,0,0,0,0,0,0,0,0,0,0,1,0
"779","10.3732/ajb.1400437","Terrestrial","Plants","Plants","0","no",0,"Observational","Morphological","Abiotic",0,0,0,0,0,0,0,0,0,0,0,1,0,0,0,0,0,0,0,0
"781","10.5194/bg-14-3371-2017","Terrestrial","Plants","Plants","0","no",0,"Review","Physiological","Abiotic",0,0,0,0,0,0,0,0,0,0,0,1,0,0,0,0,0,0,0,0
"782","10.7717/peerj.1241","Terrestrial","Insects","Invertebrate","0","no",0,"Observational","Life History","Abiotic",0,0,1,0,0,0,0,0,0,0,0,0,0,0,0,0,0,0,0,0
"784","10.7717/peerj.2387","Marine","Fish","Vertebrate","0","no",0,"Observational","Life History","Biotic",0,0,1,0,0,0,0,0,0,0,0,0,0,0,0,0,0,0,0,0
"786","10.7717/peerj.3092","Terrestrial","Birds","Vertebrate","Invasion","yes",0,"Observational","Behavioural","Abiotic",0,0,1,0,0,0,0,0,0,0,0,0,0,0,0,0,0,0,0,0
"787","10.7717/peerj.3552","Terrestrial","Plants","Plants","0","no",0,"Observational","Morphological","Abiotic",0,1,0,0,0,0,0,0,0,0,0,1,0,0,0,0,0,0,0,0
"789","http://dx.doi.org/10.3389/fevo.2018.00081.s001","Multiple","Multiple","Multiple","0","no",0,"Observational","Life History","Abiotic",0,0,1,0,0,0,0,0,0,0,0,0,0,0,0,0,0,0,0,0
"790","unknown_1","Multiple","Multiple","Multiple","0","no",0,"Theoretical","Behavioural","Trophic",0,1,0,0,0,0,0,0,0,0,0,0,0,0,0,0,0,0,0,0
"791","unknown_10","Multiple","Multiple","Multiple","0","no",0,"Observational","Behavioural","Abiotic",0,0,1,0,1,0,0,1,0,0,0,0,1,0,0,0,0,0,0,0
"792","unknown_11","Multiple","Multiple","Multiple","0","no",0,"Theoretical","Behavioural","Trophic",0,0,1,0,0,0,0,0,0,0,0,0,0,0,0,0,0,0,0,0
"794","unknown_13","Marine","Multiple","Multiple","0","no",0,"Review","Life History","Trophic",0,0,1,0,0,0,0,0,0,0,0,0,0,0,0,0,0,0,0,0
"807","unknown_25","Terrestrial","Plants","Plants","0","no",0,"Observational","Life History","Abiotic",1,0,0,0,0,0,0,0,0,0,0,0,0,0,0,0,0,0,0,0
"812","unknown_3","Marine","Multiple","Multiple","0","no",0,"Observational","Behavioural","Trophic",0,0,1,0,0,0,0,0,0,0,0,0,0,0,0,0,0,0,0,0
"813","unknown_30","Multiple","Plankton","Invertebrate","0","no",0,"Review","Morphological","Trophic",0,0,0,0,0,0,0,0,0,0,0,1,0,0,0,0,0,0,1,0
"815","unknown_32","Terrestrial","Herpetofauna","Vertebrate","0","no",0,"Observational","Morphological","Trophic",0,0,1,0,0,0,0,0,0,0,0,0,0,0,0,0,0,0,0,0
"818","unknown_6","Terrestrial","Plants","Plants","0","no",0,"Observational","Morphological","Abiotic",0,0,0,0,0,0,0,0,0,0,0,1,0,0,0,0,0,0,0,0
"819","unknown_7","Marine","Fish","Vertebrate","0","no",0,"Experiment","Behavioural","Trophic",0,0,1,0,0,0,0,0,0,0,0,0,0,0,0,0,0,0,0,0
